cust_id,cust_firstname,cust_lastname
1,Angela,Francis
2,Michelle,Joyce
3,Scott,Gonzalez
4,Brian,Johnson
5,Wendy,Dunlap
6,Timothy,Woodard
7,Robin,Chan
8,Natalie,Robinson
9,Daniel,Duke
10,Jenny,Davis
11,Natalie,Johnson
12,Andrew,Burns
13,Phillip,Brewer
14,Catherine,Martin
15,Amanda,Lamb
16,Whitney,Thompson
17,Sandra,Perkins
18,Joseph,Young
19,David,Gutierrez
20,Crystal,Schneider
21,Jennifer,Ramirez
22,Brandon,Kemp
23,Kathryn,Davis
24,Jessica,Rodriguez
25,Kiara,Miller
26,Stacy,Lee
27,Megan,Dyer
28,Dana,Sanchez
29,Rachel,Garcia
30,Charles,Roach
31,Roberta,King
32,Sheryl,Davis
33,Kyle,Chase
34,Brianna,Jackson
35,Rachel,Gilbert
36,Devin,Wise
37,Lori,Sherman
38,Alexis,Ray
39,April,Cochran
40,Donald,Clark
41,Christopher,Edwards
42,Michelle,Allen
43,Heather,Mcmillan
44,Lori,Pacheco
45,Peter,Newton
46,Brian,Perez
47,Carrie,Diaz
48,Tracy,Young
49,Stephanie,Richardson
50,Daniel,Ashley
51,Amanda,Sanchez
52,John,Richardson
53,Brenda,Jimenez
54,Johnathan,Carter
55,Destiny,Hughes
56,Renee,Ramirez
57,Daniel,Moore
58,Sarah,Kim
59,Sabrina,Edwards
60,Luis,Brown
61,Jennifer,Erickson
62,Rebecca,Howell
63,Madison,Green
64,Donald,Rodriguez
65,Joel,Ward
66,Margaret,Pruitt
67,Sean,Brown
68,Trevor,Myers
69,Kevin,Herrera
70,Lauren,Berry
71,John,Lawrence
72,Linda,Estrada
73,Donald,Duffy
74,David,Elliott
75,Samantha,Edwards
76,Spencer,Woods
77,Jeremy,Williams
78,Adriana,Hubbard
79,Daniel,Holmes
80,Nancy,Davila
81,Sarah,Murphy
82,Ashley,Key
83,Gregory,Wolf
84,Megan,Cowan
85,Ryan,Smith
86,Barbara,Bailey
87,John,Casey
88,Ann,Robinson
89,Tracy,Long
90,Kathleen,Gill
91,Connor,Larson
92,Jordan,Rivera
93,Christopher,Lambert
94,Walter,Warner
95,Theresa,Mitchell
96,Travis,Giles
97,Jennifer,Chavez
98,Andrew,Phillips
99,Bradley,Wilson
100,Katrina,Baker
101,Deborah,Roberson
102,Vickie,Harrison
103,Michael,Gibson
104,Peter,Johnston
105,Laura,Garrett
106,Tyler,Edwards
107,Edward,Taylor
108,Brian,Rivera
109,Robert,Thomas
110,Melissa,Everett
111,Breanna,Jones
112,James,Guzman
113,William,Davis
114,Gwendolyn,Garcia
115,Patrick,Reynolds
116,Katie,Bass
117,Benjamin,Jones
118,Greg,Morton
119,Brenda,Martinez
120,Troy,Campbell
121,Donna,Perez
122,Michael,Freeman
123,Cheryl,Sanders
124,Daniel,Bates
125,Amanda,Bell
126,Carlos,Thomas
127,Scott,Krueger
128,Denise,Reynolds
129,Mackenzie,Holt
130,Chelsea,Cohen
131,Rodney,Holmes
132,William,Wright
133,Ashley,Little
134,Tamara,Davis
135,Meredith,Garcia
136,Kelly,Paul
137,Allen,Johnson
138,Lindsey,Krause
139,Christopher,Davis
140,Daniel,Ortiz
141,Willie,Delgado
142,Nathan,Foster
143,Michael,Velasquez
144,Jill,Kirby
145,Gloria,Hays
146,Kari,Sawyer
147,Christine,Smith
148,Lauren,Simpson
149,Faith,Taylor
150,Heather,Holmes
151,Zachary,Swanson
152,Marissa,Fritz
153,Isaiah,Robertson
154,Michael,Owens
155,Ellen,Nelson
156,James,Elliott
157,Holly,Carter
158,Pedro,Molina
159,Brandy,Howell
160,William,Long
161,Robert,Banks
162,Clifford,Mitchell
163,Marcus,Hill
164,Jessica,Perez
165,Rose,Hamilton
166,Wesley,Fields
167,Michael,Brooks
168,Sean,Patel
169,Jeffery,Johnson
170,Rachel,Munoz
171,Amy,Oconnor
172,Craig,Cole
173,Michelle,Christensen
174,Kayla,Johnson
175,Amy,Williams
176,Heather,Maldonado
177,Kara,Miller
178,Caleb,Mcintyre
179,Daniel,Salas
180,Randall,Peterson
181,David,Green
182,Linda,Leonard
183,Paul,Michael
184,Kimberly,Campbell
185,Nicholas,Fletcher
186,Leslie,Navarro
187,James,Allen
188,Becky,Glover
189,David,Robinson
190,Laura,Willis
191,Molly,Flores
192,Larry,Hayes
193,Victor,Moran
194,Barbara,Golden
195,Natalie,Martinez
196,Justin,Ross
197,Rita,Clark
198,Jeremiah,Bradley
199,Miranda,Hughes
200,Travis,Young
201,Roger,Mosley
202,Kara,Barrett
203,Jonathan,Powell
204,Cynthia,Gonzalez
205,Jennifer,Allen
206,Joel,Morton
207,Edward,Salazar
208,Andrew,Sullivan
209,Justin,Walker
210,David,Lowe
211,Garrett,Johnson
212,Mary,Herman
213,Christina,Castillo
214,Christian,Flores
215,Adrienne,Wade
216,Maria,Long
217,Courtney,Day
218,Sean,Hanna
219,Elizabeth,Jackson
220,Peter,Montoya
221,Paul,Lowe
222,Kevin,Walker
223,Jessica,Lynch
224,Pamela,Hodges
225,Dawn,Macdonald
226,Zachary,Gutierrez
227,Danielle,Stewart
228,Kimberly,Jones
229,Mark,Williams
230,John,Mitchell
231,Richard,Sanchez
232,Daniel,May
233,Sophia,Watts
234,Gregory,Lopez
235,Stephen,Ellis
236,Rebecca,Gregory
237,Jennifer,Marsh
238,Alexandria,Perez
239,Matthew,Orozco
240,Yolanda,Jackson
241,William,Craig
242,Jason,Reyes
243,Larry,Ward
244,Robert,Nguyen
245,Erin,Anderson
246,Daniel,Jackson
247,Ashley,Harris
248,Amy,Wilson
249,Tracey,Lee
250,Lisa,Ballard
251,Samantha,Hood
252,Katrina,Taylor
253,Erin,Torres
254,Dakota,Knox
255,Barbara,Foster
256,Aaron,Castro
257,Kimberly,Oneal
258,Barbara,Vaughn
259,Jeffrey,Roberson
260,Jonathan,Johnson
261,Jennifer,Williams
262,Gabriel,Patterson
263,Justin,Ross
264,Kevin,Lopez
265,Christopher,Ramirez
266,Frank,Holt
267,Linda,Kent
268,Erin,Johns
269,Audrey,Rice
270,Melissa,Davis
271,Erin,Brady
272,Jesse,Franco
273,Rebecca,Nichols
274,Dana,Mckinney
275,Jesus,Hopkins
276,Heather,White
277,Aaron,Thompson
278,Samuel,Villegas
279,Kathleen,Simpson
280,Catherine,Tran
281,Christian,Grant
282,Michael,Smith
283,Nicholas,Miller
284,David,Mitchell
285,Michele,Jones
286,Anthony,Norton
287,Brenda,Mcdowell
288,Amy,Mccall
289,David,Bentley
290,Jay,Doyle
291,Crystal,Holloway
292,Arthur,Brown
293,Kimberly,Lee
294,Samuel,Holden
295,Mark,Stein
296,Melanie,Guzman
297,Shane,Hall
298,Karen,Hill
299,Thomas,Simmons
300,Troy,Weaver
